Unnamed: 0,Flow ID,Source IP,Source Port,Destination IP,Destination Port,Protocol,Timestamp,Flow Duration,Total Fwd Packets,Total Backward Packets,Total Length of Fwd Packets,Total Length of Bwd Packets,Fwd Packet Length Max,Fwd Packet Length Min,Fwd Packet Length Mean,Fwd Packet Length Std,Bwd Packet Length Max,Bwd Packet Length Min,Bwd Packet Length Mean,Bwd Packet Length Std,Flow Bytes/s,Flow Packets/s,Flow IAT Mean,Flow IAT Std,Flow IAT Max,Flow IAT Min,Fwd IAT Total,Fwd IAT Mean,Fwd IAT Std,Fwd IAT Max,Fwd IAT Min,Bwd IAT Total,Bwd IAT Mean,Bwd IAT Std,Bwd IAT Max,Bwd IAT Min,Fwd PSH Flags,Bwd PSH Flags,Fwd URG Flags,Bwd URG Flags,Fwd Header Length,Bwd Header Length,Fwd Packets/s,Bwd Packets/s,Min Packet Length,Max Packet Length,Packet Length Mean,Packet Length Std,Packet Length Variance,FIN Flag Count,SYN Flag Count,RST Flag Count,PSH Flag Count,ACK Flag Count,URG Flag Count,CWE Flag Count,ECE Flag Count,Down/Up Ratio,Average Packet Size,Avg Fwd Segment Size,Avg Bwd Segment Size,Fwd Header Length.1,Fwd Avg Bytes/Bulk,Fwd Avg Packets/Bulk,Fwd Avg Bulk Rate,Bwd Avg Bytes/Bulk,Bwd Avg Packets/Bulk,Bwd Avg Bulk Rate,Subflow Fwd Packets,Subflow Fwd Bytes,Subflow Bwd Packets,Subflow Bwd Bytes,Init_Win_bytes_forward,Init_Win_bytes_backward,act_data_pkt_fwd,min_seg_size_forward,Active Mean,Active Std,Active Max,Active Min,Idle Mean,Idle Std,Idle Max,Idle Min,SimillarHTTP,Inbound,Label
0,172.16.0.1-192.168.50.1-1000-2000-6,172.16.0.1,10000,192.168.50.1,20000,6,2018-12-01 13:34:27.40100,1000000,4,1,0,0,300,100,200,50,250,90,170,40,0.0,0,2000,100,200,10,500,200,300,400,50,0,0,0,0,0,0,0,0,80,0,12000,0,100,500,300,50,100,0,1,0,0,1,0,0,0,1.0,250,200,50,80,0,0,0,0,0,0,4,0,2,300,5840,0,0,20,0,0,0,0,0,0,0,0,0,1,0,TFTP
1,172.16.0.2-192.168.50.1-1001-2001-6,172.16.0.2,10001,192.168.50.1,20001,6,2018-12-01 13:34:27.40101,1001000,4,1,500,200,300,100,200,50,250,90,170,40,0.5,1000,2001,101,201,10,501,200,300,400,50,0,0,0,0,0,0,0,0,80,0,12001,0,100,500,300,50,100,0,1,0,0,1,0,0,0,1.0,250,200,50,80,0,0,0,0,0,0,4,100,2,300,5840,0,0,20,0,0,0,0,0,0,0,0,0,1,1,BENIGN
2,172.16.0.3-192.168.50.1-1002-2002-6,172.16.0.3,10002,192.168.50.1,20002,6,2018-12-01 13:34:27.40102,1002000,4,1,1000,400,300,100,200,50,250,90,170,40,1.0,2000,2002,102,202,10,502,200,300,400,50,0,0,0,0,0,0,0,0,80,0,12002,0,100,500,300,50,100,0,1,0,0,1,0,0,0,1.0,250,200,50,80,0,0,0,0,0,0,4,200,2,300,5840,0,0,20,0,0,0,0,0,0,0,0,0,1,0,TFTP
3,172.16.0.4-192.168.50.1-1003-2003-6,172.16.0.4,10003,192.168.50.1,20003,6,2018-12-01 13:34:27.40103,1003000,4,1,1500,600,300,100,200,50,250,90,170,40,1.5,3000,2003,103,203,10,503,200,300,400,50,0,0,0,0,0,0,0,0,80,0,12003,0,100,500,300,50,100,0,1,0,0,1,0,0,0,1.0,250,200,50,80,0,0,0,0,0,0,4,300,2,300,5840,0,0,20,0,0,0,0,0,0,0,0,0,1,1,BENIGN
4,172.16.0.5-192.168.50.1-1004-2004-6,172.16.0.5,10004,192.168.50.1,20004,6,2018-12-01 13:34:27.40104,1004000,4,1,2000,800,300,100,200,50,250,90,170,40,2.0,4000,2004,104,204,10,504,200,300,400,50,0,0,0,0,0,0,0,0,80,0,12004,0,100,500,300,50,100,0,1,0,0,1,0,0,0,1.0,250,200,50,80,0,0,0,0,0,0,4,400,2,300,5840,0,0,20,0,0,0,0,0,0,0,0,0,1,0,TFTP
5,172.16.0.6-192.168.50.1-1005-2005-6,172.16.0.6,10005,192.168.50.1,20005,6,2018-12-01 13:34:27.40105,1005000,4,1,2500,1000,300,100,200,50,250,90,170,40,2.5,5000,2005,105,205,10,505,200,300,400,50,0,0,0,0,0,0,0,0,80,0,12005,0,100,500,300,50,100,0,1,0,0,1,0,0,0,1.0,250,200,50,80,0,0,0,0,0,0,4,500,2,300,5840,0,0,20,0,0,0,0,0,0,0,0,0,1,1,BENIGN
6,172.16.0.7-192.168.50.1-1006-2006-6,172.16.0.7,10006,192.168.50.1,20006,6,2018-12-01 13:34:27.40106,1006000,4,1,3000,1200,300,100,200,50,250,90,170,40,3.0,6000,2006,106,206,10,506,200,300,400,50,0,0,0,0,0,0,0,0,80,0,12006,0,100,500,300,50,100,0,1,0,0,1,0,0,0,1.0,250,200,50,80,0,0,0,0,0,0,4,600,2,300,5840,0,0,20,0,0,0,0,0,0,0,0,0,1,0,TFTP
7,172.16.0.8-192.168.50.1-1007-2007-6,172.16.0.8,10007,192.168.50.1,20007,6,2018-12-01 13:34:27.40107,1007000,4,1,3500,1400,300,100,200,50,250,90,170,40,3.5,7000,2007,107,207,10,507,200,300,400,50,0,0,0,0,0,0,0,0,80,0,12007,0,100,500,300,50,100,0,1,0,0,1,0,0,0,1.0,250,200,50,80,0,0,0,0,0,0,4,700,2,300,5840,0,0,20,0,0,0,0,0,0,0,0,0,1,1,BENIGN
8,172.16.0.9-192.168.50.1-1008-2008-6,172.16.0.9,10008,192.168.50.1,20008,6,2018-12-01 13:34:27.40108,1008000,4,1,4000,1600,300,100,200,50,250,90,170,40,4.0,8000,2008,108,208,10,508,200,300,400,50,0,0,0,0,0,0,0,0,80,0,12008,0,100,500,300,50,100,0,1,0,0,1,0,0,0,1.0,250,200,50,80,0,0,0,0,0,0,4,800,2,300,5840,0,0,20,0,0,0,0,0,0,0,0,0,1,0,TFTP
9,172.16.0.10-192.168.50.1-1009-2009-6,172.16.0.10,10009,192.168.50.1,20009,6,2018-12-01 13:34:27.40109,1009000,4,1,4500,1800,300,100,200,50,250,90,170,40,4.5,9000,2009,109,209,10,509,200,300,400,50,0,0,0,0,0,0,0,0,80,0,12009,0,100,500,300,50,100,0,1,0,0,1,0,0,0,1.0,250,200,50,80,0,0,0,0,0,0,4,900,2,300,5840,0,0,20,0,0,0,0,0,0,0,0,0,1,1,BENIGN
10,172.16.0.11-192.168.50.1-10010-20010-6,172.16.0.11,10010,192.168.50.1,20010,6,2018-12-01 13:34:27.40110,1010000,4,1,5000,2000,300,100,200,50,250,90,170,40,5.0,10000,2010,110,210,10,510,200,300,400,50,0,0,0,0,0,0,0,0,80,0,12010,0,100,500,300,50,100,0,1,0,0,1,0,0,0,1.0,250,200,50,80,0,0,0,0,0,0,4,1000,2,300,5840,0,0,20,0,0,0,0,0,0,0,0,0,1,0,TFTP
11,172.16.0.12-192.168.50.1-10011-20011-6,172.16.0.12,10011,192.168.50.1,20011,6,2018-12-01 13:34:27.40111,1011000,4,1,5500,2200,300,100,200,50,250,90,170,40,5.5,11000,2011,111,211,10,511,200,300,400,50,0,0,0,0,0,0,0,0,80,0,12011,0,100,500,300,50,100,0,1,0,0,1,0,0,0,1.0,250,200,50,80,0,0,0,0,0,0,4,1100,2,300,5840,0,0,20,0,0,0,0,0,0,0,0,0,1,1,BENIGN
12,172.16.0.13-192.168.50.1-10012-20012-6,172.16.0.13,10012,192.168.50.1,20012,6,2018-12-01 13:34:27.40112,1012000,4,1,6000,2400,300,100,200,50,250,90,170,40,6.0,12000,2012,112,212,10,512,200,300,400,50,0,0,0,0,0,0,0,0,80,0,12012,0,100,500,300,50,100,0,1,0,0,1,0,0,0,1.0,250,200,50,80,0,0,0,0,0,0,4,1200,2,300,5840,0,0,20,0,0,0,0,0,0,0,0,0,1,0,TFTP
13,172.16.0.14-192.168.50.1-10013-20013-6,172.16.0.14,10013,192.168.50.1,20013,6,2018-12-01 13:34:27.40113,1013000,4,1,6500,2600,300,100,200,50,250,90,170,40,6.5,13000,2013,113,213,10,513,200,300,400,50,0,0,0,0,0,0,0,0,80,0,12013,0,100,500,300,50,100,0,1,0,0,1,0,0,0,1.0,250,200,50,80,0,0,0,0,0,0,4,1300,2,300,5840,0,0,20,0,0,0,0,0,0,0,0,0,1,1,BENIGN
14,172.16.0.15-192.168.50.1-10014-20014-6,172.16.0.15,10014,192.168.50.1,20014,6,2018-12-01 13:34:27.40114,1014000,4,1,7000,2800,300,100,200,50,250,90,170,40,7.0,14000,2014,114,214,10,514,200,300,400,50,0,0,0,0,0,0,0,0,80,0,12014,0,100,500,300,50,100,0,1,0,0,1,0,0,0,1.0,250,200,50,80,0,0,0,0,0,0,4,1400,2,300,5840,0,0,20,0,0,0,0,0,0,0,0,0,1,0,TFTP
15,172.16.0.16-192.168.50.1-10015-20015-6,172.16.0.16,10015,192.168.50.1,20015,6,2018-12-01 13:34:27.40115,1015000,4,1,7500,3000,300,100,200,50,250,90,170,40,7.5,15000,2015,115,215,10,515,200,300,400,50,0,0,0,0,0,0,0,0,80,0,12015,0,100,500,300,50,100,0,1,0,0,1,0,0,0,1.0,250,200,50,80,0,0,0,0,0,0,4,1500,2,300,5840,0,0,20,0,0,0,0,0,0,0,0,0,1,1,BENIGN
16,172.16.0.17-192.168.50.1-10016-20016-6,172.16.0.17,10016,192.168.50.1,20016,6,2018-12-01 13:34:27.40116,1016000,4,1,8000,3200,300,100,200,50,250,90,170,40,8.0,16000,2016,116,216,10,516,200,300,400,50,0,0,0,0,0,0,0,0,80,0,12016,0,100,500,300,50,100,0,1,0,0,1,0,0,0,1.0,250,200,50,80,0,0,0,0,0,0,4,1600,2,300,5840,0,0,20,0,0,0,0,0,0,0,0,0,1,0,TFTP
17,172.16.0.18-192.168.50.1-10017-20017-6,172.16.0.18,10017,192.168.50.1,20017,6,2018-12-01 13:34:27.40117,1017000,4,1,8500,3400,300,100,200,50,250,90,170,40,8.5,17000,2017,117,217,10,517,200,300,400,50,0,0,0,0,0,0,0,0,80,0,12017,0,100,500,300,50,100,0,1,0,0,1,0,0,0,1.0,250,200,50,80,0,0,0,0,0,0,4,1700,2,300,5840,0,0,20,0,0,0,0,0,0,0,0,0,1,1,BENIGN
18,172.16.0.19-192.168.50.1-10018-20018-6,172.16.0.19,10018,192.168.50.1,20018,6,2018-12-01 13:34:27.40118,1018000,4,1,9000,3600,300,100,200,50,250,90,170,40,9.0,18000,2018,118,218,10,518,200,300,400,50,0,0,0,0,0,0,0,0,80,0,12018,0,100,500,300,50,100,0,1,0,0,1,0,0,0,1.0,250,200,50,80,0,0,0,0,0,0,4,1800,2,300,5840,0,0,20,0,0,0,0,0,0,0,0,0,1,0,TFTP
19,172.16.0.20-192.168.50.1-10019-20019-6,172.16.0.20,10019,192.168.50.1,20019,6,2018-12-01 13:34:27.40119,1019000,4,1,9500,3800,300,100,200,50,250,90,170,40,9.5,19000,2019,119,219,10,519,200,300,400,50,0,0,0,0,0,0,0,0,80,0,12019,0,100,500,300,50,100,0,1,0,0,1,0,0,0,1.0,250,200,50,80,0,0,0,0,0,0,4,1900,2,300,5840,0,0,20,0,0,0,0,0,0,0,0,0,1,1,BENIGN
20,172.16.0.21-192.168.50.1-10020-20020-6,172.16.0.21,10020,192.168.50.1,20020,6,2018-12-01 13:34:27.40120,1020000,4,1,10000,4000,300,100,200,50,250,90,170,40,10.0,20000,2020,120,220,10,520,200,300,400,50,0,0,0,0,0,0,0,0,80,0,12020,0,100,500,300,50,100,0,1,0,0,1,0,0,0,1.0,250,200,50,80,0,0,0,0,0,0,4,2000,2,300,5840,0,0,20,0,0,0,0,0,0,0,0,0,1,0,TFTP
21,172.16.0.22-192.168.50.1-10021-20021-6,172.16.0.22,10021,192.168.50.1,20021,6,2018-12-01 13:34:27.40121,1021000,4,1,10500,4200,300,100,200,50,250,90,170,40,10.5,21000,2021,121,221,10,521,200,300,400,50,0,0,0,0,0,0,0,0,80,0,12021,0,100,500,300,50,100,0,1,0,0,1,0,0,0,1.0,250,200,50,80,0,0,0,0,0,0,4,2100,2,300,5840,0,0,20,0,0,0,0,0,0,0,0,0,1,1,BENIGN
22,172.16.0.23-192.168.50.1-10022-20022-6,172.16.0.23,10022,192.168.50.1,20022,6,2018-12-01 13:34:27.40122,1022000,4,1,11000,4400,300,100,200,50,250,90,170,40,11.0,22000,2022,122,222,10,522,200,300,400,50,0,0,0,0,0,0,0,0,80,0,12022,0,100,500,300,50,100,0,1,0,0,1,0,0,0,1.0,250,200,50,80,0,0,0,0,0,0,4,2200,2,300,5840,0,0,20,0,0,0,0,0,0,0,0,0,1,0,TFTP
23,172.16.0.24-192.168.50.1-10023-20023-6,172.16.0.24,10023,192.168.50.1,20023,6,2018-12-01 13:34:27.40123,1023000,4,1,11500,4600,300,100,200,50,250,90,170,40,11.5,23000,2023,123,223,10,523,200,300,400,50,0,0,0,0,0,0,0,0,80,0,12023,0,100,500,300,50,100,0,1,0,0,1,0,0,0,1.0,250,200,50,80,0,0,0,0,0,0,4,2300,2,300,5840,0,0,20,0,0,0,0,0,0,0,0,0,1,1,BENIGN
24,172.16.0.25-192.168.50.1-10024-20024-6,172.16.0.25,10024,192.168.50.1,20024,6,2018-12-01 13:34:27.40124,1024000,4,1,12000,4800,300,100,200,50,250,90,170,40,12.0,24000,2024,124,224,10,524,200,300,400,50,0,0,0,0,0,0,0,0,80,0,12024,0,100,500,300,50,100,0,1,0,0,1,0,0,0,1.0,250,200,50,80,0,0,0,0,0,0,4,2400,2,300,5840,0,0,20,0,0,0,0,0,0,0,0,0,1,0,TFTP
25,172.16.0.26-192.168.50.1-10025-20025-6,172.16.0.26,10025,192.168.50.1,20025,6,2018-12-01 13:34:27.40125,1025000,4,1,12500,5000,300,100,200,50,250,90,170,40,12.5,25000,2025,125,225,10,525,200,300,400,50,0,0,0,0,0,0,0,0,80,0,12025,0,100,500,300,50,100,0,1,0,0,1,0,0,0,1.0,250,200,50,80,0,0,0,0,0,0,4,2500,2,300,5840,0,0,20,0,0,0,0,0,0,0,0,0,1,1,BENIGN
26,172.16.0.27-192.168.50.1-10026-20026-6,172.16.0.27,10026,192.168.50.1,20026,6,2018-12-01 13:34:27.40126,1026000,4,1,13000,5200,300,100,200,50,250,90,170,40,13.0,26000,2026,126,226,10,526,200,300,400,50,0,0,0,0,0,0,0,0,80,0,12026,0,100,500,300,50,100,0,1,0,0,1,0,0,0,1.0,250,200,50,80,0,0,0,0,0,0,4,2600,2,300,5840,0,0,20,0,0,0,0,0,0,0,0,0,1,0,TFTP
27,172.16.0.28-192.168.50.1-10027-20027-6,172.16.0.28,10027,192.168.50.1,20027,6,2018-12-01 13:34:27.40127,1027000,4,1,13500,5400,300,100,200,50,250,90,170,40,13.5,27000,2027,127,227,10,527,200,300,400,50,0,0,0,0,0,0,0,0,80,0,12027,0,100,500,300,50,100,0,1,0,0,1,0,0,0,1.0,250,200,50,80,0,0,0,0,0,0,4,2700,2,300,5840,0,0,20,0,0,0,0,0,0,0,0,0,1,1,BENIGN
28,172.16.0.29-192.168.50.1-10028-20028-6,172.16.0.29,10028,192.168.50.1,20028,6,2018-12-01 13:34:27.40128,1028000,4,1,14000,5600,300,100,200,50,250,90,170,40,14.0,28000,2028,128,228,10,528,200,300,400,50,0,0,0,0,0,0,0,0,80,0,12028,0,100,500,300,50,100,0,1,0,0,1,0,0,0,1.0,250,200,50,80,0,0,0,0,0,0,4,2800,2,300,5840,0,0,20,0,0,0,0,0,0,0,0,0,1,0,TFTP
29,172.16.0.30-192.168.50.1-10029-20029-6,172.16.0.30,10029,192.168.50.1,20029,6,2018-12-01 13:34:27.40129,1029000,4,1,14500,5800,300,100,200,50,250,90,170,40,14.5,29000,2029,129,229,10,529,200,300,400,50,0,0,0,0,0,0,0,0,80,0,12029,0,100,500,300,50,100,0,1,0,0,1,0,0,0,1.0,250,200,50,80,0,0,0,0,0,0,4,2900,2,300,5840,0,0,20,0,0,0,0,0,0,0,0,0,1,1,BENIGN
30,172.16.0.31-192.168.50.1-10030-20030-6,172.16.0.31,10030,192.168.50.1,20030,6,2018-12-01 13:34:27.40130,1030000,4,1,15000,6000,300,100,200,50,250,90,170,40,15.0,30000,2030,130,230,10,530,200,300,400,50,0,0,0,0,0,0,0,0,80,0,12030,0,100,500,300,50,100,0,1,0,0,1,0,0,0,1.0,250,200,50,80,0,0,0,0,0,0,4,3000,2,300,5840,0,0,20,0,0,0,0,0,0,0,0,0,1,0,TFTP
31,172.16.0.32-192.168.50.1-10031-20031-6,172.16.0.32,10031,192.168.50.1,20031,6,2018-12-01 13:34:27.40131,1031000,4,1,15500,6200,300,100,200,50,250,90,170,40,15.5,31000,2031,131,231,10,531,200,300,400,50,0,0,0,0,0,0,0,0,80,0,12031,0,100,500,300,50,100,0,1,0,0,1,0,0,0,1.0,250,200,50,80,0,0,0,0,0,0,4,3100,2,300,5840,0,0,20,0,0,0,0,0,0,0,0,0,1,1,BENIGN
32,172.16.0.33-192.168.50.1-10032-20032-6,172.16.0.33,10032,192.168.50.1,20032,6,2018-12-01 13:34:27.40132,1032000,4,1,16000,6400,300,100,200,50,250,90,170,40,16.0,32000,2032,132,232,10,532,200,300,400,50,0,0,0,0,0,0,0,0,80,0,12032,0,100,500,300,50,100,0,1,0,0,1,0,0,0,1.0,250,200,50,80,0,0,0,0,0,0,4,3200,2,300,5840,0,0,20,0,0,0,0,0,0,0,0,0,1,0,TFTP
33,172.16.0.34-192.168.50.1-10033-20033-6,172.16.0.34,10033,192.168.50.1,20033,6,2018-12-01 13:34:27.40133,1033000,4,1,16500,6600,300,100,200,50,250,90,170,40,16.5,33000,2033,133,233,10,533,200,300,400,50,0,0,0,0,0,0,0,0,80,0,12033,0,100,500,300,50,100,0,1,0,0,1,0,0,0,1.0,250,200,50,80,0,0,0,0,0,0,4,3300,2,300,5840,0,0,20,0,0,0,0,0,0,0,0,0,1,1,BENIGN
34,172.16.0.35-192.168.50.1-10034-20034-6,172.16.0.35,10034,192.168.50.1,20034,6,2018-12-01 13:34:27.40134,1034000,4,1,17000,6800,300,100,200,50,250,90,170,40,17.0,34000,2034,134,234,10,534,200,300,400,50,0,0,0,0,0,0,0,0,80,0,12034,0,100,500,300,50,100,0,1,0,0,1,0,0,0,1.0,250,200,50,80,0,0,0,0,0,0,4,3400,2,300,5840,0,0,20,0,0,0,0,0,0,0,0,0,1,0,TFTP
35,172.16.0.36-192.168.50.1-10035-20035-6,172.16.0.36,10035,192.168.50.1,20035,6,2018-12-01 13:34:27.40135,1035000,4,1,17500,7000,300,100,200,50,250,90,170,40,17.5,35000,2035,135,235,10,535,200,300,400,50,0,0,0,0,0,0,0,0,80,0,12035,0,100,500,300,50,100,0,1,0,0,1,0,0,0,1.0,250,200,50,80,0,0,0,0,0,0,4,3500,2,300,5840,0,0,20,0,0,0,0,0,0,0,0,0,1,1,BENIGN
36,172.16.0.37-192.168.50.1-10036-20036-6,172.16.0.37,10036,192.168.50.1,20036,6,2018-12-01 13:34:27.40136,1036000,4,1,18000,7200,300,100,200,50,250,90,170,40,18.0,36000,2036,136,236,10,536,200,300,400,50,0,0,0,0,0,0,0,0,80,0,12036,0,100,500,300,50,100,0,1,0,0,1,0,0,0,1.0,250,200,50,80,0,0,0,0,0,0,4,3600,2,300,5840,0,0,20,0,0,0,0,0,0,0,0,0,1,0,TFTP
37,172.16.0.38-192.168.50.1-10037-20037-6,172.16.0.38,10037,192.168.50.1,20037,6,2018-12-01 13:34:27.40137,1037000,4,1,18500,7400,300,100,200,50,250,90,170,40,18.5,37000,2037,137,237,10,537,200,300,400,50,0,0,0,0,0,0,0,0,80,0,12037,0,100,500,300,50,100,0,1,0,0,1,0,0,0,1.0,250,200,50,80,0,0,0,0,0,0,4,3700,2,300,5840,0,0,20,0,0,0,0,0,0,0,0,0,1,1,BENIGN
38,172.16.0.39-192.168.50.1-10038-20038-6,172.16.0.39,10038,192.168.50.1,20038,6,2018-12-01 13:34:27.40138,1038000,4,1,19000,7600,300,100,200,50,250,90,170,40,19.0,38000,2038,138,238,10,538,200,300,400,50,0,0,0,0,0,0,0,0,80,0,12038,0,100,500,300,50,100,0,1,0,0,1,0,0,0,1.0,250,200,50,80,0,0,0,0,0,0,4,3800,2,300,5840,0,0,20,0,0,0,0,0,0,0,0,0,1,0,TFTP
39,172.16.0.40-192.168.50.1-10039-20039-6,172.16.0.40,10039,192.168.50.1,20039,6,2018-12-01 13:34:27.40139,1039000,4,1,19500,7800,300,100,200,50,250,90,170,40,19.5,39000,2039,139,239,10,539,200,300,400,50,0,0,0,0,0,0,0,0,80,0,12039,0,100,500,300,50,100,0,1,0,0,1,0,0,0,1.0,250,200,50,80,0,0,0,0,0,0,4,3900,2,300,5840,0,0,20,0,0,0,0,0,0,0,0,0,1,1,BENIGN
40,172.16.0.41-192.168.50.1-10040-20040-6,172.16.0.41,10040,192.168.50.1,20040,6,2018-12-01 13:34:27.40140,1040000,4,1,20000,8000,300,100,200,50,250,90,170,40,20.0,40000,2040,140,240,10,540,200,300,400,50,0,0,0,0,0,0,0,0,80,0,12040,0,100,500,300,50,100,0,1,0,0,1,0,0,0,1.0,250,200,50,80,0,0,0,0,0,0,4,4000,2,300,5840,0,0,20,0,0,0,0,0,0,0,0,0,1,0,TFTP
41,172.16.0.42-192.168.50.1-10041-20041-6,172.16.0.42,10041,192.168.50.1,20041,6,2018-12-01 13:34:27.40141,1041000,4,1,20500,8200,300,100,200,50,250,90,170,40,20.5,41000,2041,141,241,10,541,200,300,400,50,0,0,0,0,0,0,0,0,80,0,12041,0,100,500,300,50,100,0,1,0,0,1,0,0,0,1.0,250,200,50,80,0,0,0,0,0,0,4,4100,2,300,5840,0,0,20,0,0,0,0,0,0,0,0,0,1,1,BENIGN
42,172.16.0.43-192.168.50.1-10042-20042-6,172.16.0.43,10042,192.168.50.1,20042,6,2018-12-01 13:34:27.40142,1042000,4,1,21000,8400,300,100,200,50,250,90,170,40,21.0,42000,2042,142,242,10,542,200,300,400,50,0,0,0,0,0,0,0,0,80,0,12042,0,100,500,300,50,100,0,1,0,0,1,0,0,0,1.0,250,200,50,80,0,0,0,0,0,0,4,4200,2,300,5840,0,0,20,0,0,0,0,0,0,0,0,0,1,0,TFTP
43,172.16.0.44-192.168.50.1-10043-20043-6,172.16.0.44,10043,192.168.50.1,20043,6,2018-12-01 13:34:27.40143,1043000,4,1,21500,8600,300,100,200,50,250,90,170,40,21.5,43000,2043,143,243,10,543,200,300,400,50,0,0,0,0,0,0,0,0,80,0,12043,0,100,500,300,50,100,0,1,0,0,1,0,0,0,1.0,250,200,50,80,0,0,0,0,0,0,4,4300,2,300,5840,0,0,20,0,0,0,0,0,0,0,0,0,1,1,BENIGN
44,172.16.0.45-192.168.50.1-10044-20044-6,172.16.0.45,10044,192.168.50.1,20044,6,2018-12-01 13:34:27.40144,1044000,4,1,22000,8800,300,100,200,50,250,90,170,40,22.0,44000,2044,144,244,10,544,200,300,400,50,0,0,0,0,0,0,0,0,80,0,12044,0,100,500,300,50,100,0,1,0,0,1,0,0,0,1.0,250,200,50,80,0,0,0,0,0,0,4,4400,2,300,5840,0,0,20,0,0,0,0,0,0,0,0,0,1,0,TFTP
45,172.16.0.46-192.168.50.1-10045-20045-6,172.16.0.46,10045,192.168.50.1,20045,6,2018-12-01 13:34:27.40145,1045000,4,1,22500,9000,300,100,200,50,250,90,170,40,22.5,45000,2045,145,245,10,545,200,300,400,50,0,0,0,0,0,0,0,0,80,0,12045,0,100,500,300,50,100,0,1,0,0,1,0,0,0,1.0,250,200,50,80,0,0,0,0,0,0,4,4500,2,300,5840,0,0,20,0,0,0,0,0,0,0,0,0,1,1,BENIGN
46,172.16.0.47-192.168.50.1-10046-20046-6,172.16.0.47,10046,192.168.50.1,20046,6,2018-12-01 13:34:27.40146,1046000,4,1,23000,9200,300,100,200,50,250,90,170,40,23.0,46000,2046,146,246,10,546,200,300,400,50,0,0,0,0,0,0,0,0,80,0,12046,0,100,500,300,50,100,0,1,0,0,1,0,0,0,1.0,250,200,50,80,0,0,0,0,0,0,4,4600,2,300,5840,0,0,20,0,0,0,0,0,0,0,0,0,1,0,TFTP
47,172.16.0.48-192.168.50.1-10047-20047-6,172.16.0.48,10047,192.168.50.1,20047,6,2018-12-01 13:34:27.40147,1047000,4,1,23500,9400,300,100,200,50,250,90,170,40,23.5,47000,2047,147,247,10,547,200,300,400,50,0,0,0,0,0,0,0,0,80,0,12047,0,100,500,300,50,100,0,1,0,0,1,0,0,0,1.0,250,200,50,80,0,0,0,0,0,0,4,4700,2,300,5840,0,0,20,0,0,0,0,0,0,0,0,0,1,1,BENIGN
48,172.16.0.49-192.168.50.1-10048-20048-6,172.16.0.49,10048,192.168.50.1,20048,6,2018-12-01 13:34:27.40148,1048000,4,1,24000,9600,300,100,200,50,250,90,170,40,24.0,48000,2048,148,248,10,548,200,300,400,50,0,0,0,0,0,0,0,0,80,0,12048,0,100,500,300,50,100,0,1,0,0,1,0,0,0,1.0,250,200,50,80,0,0,0,0,0,0,4,4800,2,300,5840,0,0,20,0,0,0,0,0,0,0,0,0,1,0,TFTP
49,172.16.0.50-192.168.50.1-10049-20049-6,172.16.0.50,10049,192.168.50.1,20049,6,2018-12-01 13:34:27.40149,1049000,4,1,24500,9800,300,100,200,50,250,90,170,40,24.5,49000,2049,149,249,10,549,200,300,400,50,0,0,0,0,0,0,0,0,80,0,12049,0,100,500,300,50,100,0,1,0,0,1,0,0,0,1.0,250,200,50,80,0,0,0,0,0,0,4,4900,2,300,5840,0,0,20,0,0,0,0,0,0,0,0,0,1,1,BENIGN
50,172.16.0.51-192.168.50.1-10050-20050-6,172.16.0.51,10050,192.168.50.1,20050,6,2018-12-01 13:34:27.40150,1050000,4,1,25000,10000,300,100,200,50,250,90,170,40,25.0,50000,2050,150,250,10,550,200,300,400,50,0,0,0,0,0,0,0,0,80,0,12050,0,100,500,300,50,100,0,1,0,0,1,0,0,0,1.0,250,200,50,80,0,0,0,0,0,0,4,5000,2,300,5840,0,0,20,0,0,0,0,0,0,0,0,0,1,0,TFTP
51,172.16.0.52-192.168.50.1-10051-20051-6,172.16.0.52,10051,192.168.50.1,20051,6,2018-12-01 13:34:27.40151,1051000,4,1,25500,10200,300,100,200,50,250,90,170,40,25.5,51000,2051,151,251,10,551,200,300,400,50,0,0,0,0,0,0,0,0,80,0,12051,0,100,500,300,50,100,0,1,0,0,1,0,0,0,1.0,250,200,50,80,0,0,0,0,0,0,4,5100,2,300,5840,0,0,20,0,0,0,0,0,0,0,0,0,1,1,BENIGN
52,172.16.0.53-192.168.50.1-10052-20052-6,172.16.0.53,10052,192.168.50.1,20052,6,2018-12-01 13:34:27.40152,1052000,4,1,26000,10400,300,100,200,50,250,90,170,40,26.0,52000,2052,152,252,10,552,200,300,400,50,0,0,0,0,0,0,0,0,80,0,12052,0,100,500,300,50,100,0,1,0,0,1,0,0,0,1.0,250,200,50,80,0,0,0,0,0,0,4,5200,2,300,5840,0,0,20,0,0,0,0,0,0,0,0,0,1,0,TFTP
53,172.16.0.54-192.168.50.1-10053-20053-6,172.16.0.54,10053,192.168.50.1,20053,6,2018-12-01 13:34:27.40153,1053000,4,1,26500,10600,300,100,200,50,250,90,170,40,26.5,53000,2053,153,253,10,553,200,300,400,50,0,0,0,0,0,0,0,0,80,0,12053,0,100,500,300,50,100,0,1,0,0,1,0,0,0,1.0,250,200,50,80,0,0,0,0,0,0,4,5300,2,300,5840,0,0,20,0,0,0,0,0,0,0,0,0,1,1,BENIGN
54,172.16.0.55-192.168.50.1-10054-20054-6,172.16.0.55,10054,192.168.50.1,20054,6,2018-12-01 13:34:27.40154,1054000,4,1,27000,10800,300,100,200,50,250,90,170,40,27.0,54000,2054,154,254,10,554,200,300,400,50,0,0,0,0,0,0,0,0,80,0,12054,0,100,500,300,50,100,0,1,0,0,1,0,0,0,1.0,250,200,50,80,0,0,0,0,0,0,4,5400,2,300,5840,0,0,20,0,0,0,0,0,0,0,0,0,1,0,TFTP
55,172.16.0.56-192.168.50.1-10055-20055-6,172.16.0.56,10055,192.168.50.1,20055,6,2018-12-01 13:34:27.40155,1055000,4,1,27500,11000,300,100,200,50,250,90,170,40,27.5,55000,2055,155,255,10,555,200,300,400,50,0,0,0,0,0,0,0,0,80,0,12055,0,100,500,300,50,100,0,1,0,0,1,0,0,0,1.0,250,200,50,80,0,0,0,0,0,0,4,5500,2,300,5840,0,0,20,0,0,0,0,0,0,0,0,0,1,1,BENIGN
56,172.16.0.57-192.168.50.1-10056-20056-6,172.16.0.57,10056,192.168.50.1,20056,6,2018-12-01 13:34:27.40156,1056000,4,1,28000,11200,300,100,200,50,250,90,170,40,28.0,56000,2056,156,256,10,556,200,300,400,50,0,0,0,0,0,0,0,0,80,0,12056,0,100,500,300,50,100,0,1,0,0,1,0,0,0,1.0,250,200,50,80,0,0,0,0,0,0,4,5600,2,300,5840,0,0,20,0,0,0,0,0,0,0,0,0,1,0,TFTP
57,172.16.0.58-192.168.50.1-10057-20057-6,172.16.0.58,10057,192.168.50.1,20057,6,2018-12-01 13:34:27.40157,1057000,4,1,28500,11400,300,100,200,50,250,90,170,40,28.5,57000,2057,157,257,10,557,200,300,400,50,0,0,0,0,0,0,0,0,80,0,12057,0,100,500,300,50,100,0,1,0,0,1,0,0,0,1.0,250,200,50,80,0,0,0,0,0,0,4,5700,2,300,5840,0,0,20,0,0,0,0,0,0,0,0,0,1,1,BENIGN
58,172.16.0.59-192.168.50.1-10058-20058-6,172.16.0.59,10058,192.168.50.1,20058,6,2018-12-01 13:34:27.40158,1058000,4,1,29000,11600,300,100,200,50,250,90,170,40,29.0,58000,2058,158,258,10,558,200,300,400,50,0,0,0,0,0,0,0,0,80,0,12058,0,100,500,300,50,100,0,1,0,0,1,0,0,0,1.0,250,200,50,80,0,0,0,0,0,0,4,5800,2,300,5840,0,0,20,0,0,0,0,0,0,0,0,0,1,0,TFTP
59,172.16.0.60-192.168.50.1-10059-20059-6,172.16.0.60,10059,192.168.50.1,20059,6,2018-12-01 13:34:27.40159,1059000,4,1,29500,11800,300,100,200,50,250,90,170,40,29.5,59000,2059,159,259,10,559,200,300,400,50,0,0,0,0,0,0,0,0,80,0,12059,0,100,500,300,50,100,0,1,0,0,1,0,0,0,1.0,250,200,50,80,0,0,0,0,0,0,4,5900,2,300,5840,0,0,20,0,0,0,0,0,0,0,0,0,1,1,BENIGN
60,172.16.0.61-192.168.50.1-10060-20060-6,172.16.0.61,10060,192.168.50.1,20060,6,2018-12-01 13:34:27.40160,1060000,4,1,30000,12000,300,100,200,50,250,90,170,40,30.0,60000,2060,160,260,10,560,200,300,400,50,0,0,0,0,0,0,0,0,80,0,12060,0,100,500,300,50,100,0,1,0,0,1,0,0,0,1.0,250,200,50,80,0,0,0,0,0,0,4,6000,2,300,5840,0,0,20,0,0,0,0,0,0,0,0,0,1,0,TFTP
61,172.16.0.62-192.168.50.1-10061-20061-6,172.16.0.62,10061,192.168.50.1,20061,6,2018-12-01 13:34:27.40161,1061000,4,1,30500,12200,300,100,200,50,250,90,170,40,30.5,61000,2061,161,261,10,561,200,300,400,50,0,0,0,0,0,0,0,0,80,0,12061,0,100,500,300,50,100,0,1,0,0,1,0,0,0,1.0,250,200,50,80,0,0,0,0,0,0,4,6100,2,300,5840,0,0,20,0,0,0,0,0,0,0,0,0,1,1,BENIGN
62,172.16.0.63-192.168.50.1-10062-20062-6,172.16.0.63,10062,192.168.50.1,20062,6,2018-12-01 13:34:27.40162,1062000,4,1,31000,12400,300,100,200,50,250,90,170,40,31.0,62000,2062,162,262,10,562,200,300,400,50,0,0,0,0,0,0,0,0,80,0,12062,0,100,500,300,50,100,0,1,0,0,1,0,0,0,1.0,250,200,50,80,0,0,0,0,0,0,4,6200,2,300,5840,0,0,20,0,0,0,0,0,0,0,0,0,1,0,TFTP
63,172.16.0.64-192.168.50.1-10063-20063-6,172.16.0.64,10063,192.168.50.1,20063,6,2018-12-01 13:34:27.40163,1063000,4,1,31500,12600,300,100,200,50,250,90,170,40,31.5,63000,2063,163,263,10,563,200,300,400,50,0,0,0,0,0,0,0,0,80,0,12063,0,100,500,300,50,100,0,1,0,0,1,0,0,0,1.0,250,200,50,80,0,0,0,0,0,0,4,6300,2,300,5840,0,0,20,0,0,0,0,0,0,0,0,0,1,1,BENIGN
64,172.16.0.65-192.168.50.1-10064-20064-6,172.16.0.65,10064,192.168.50.1,20064,6,2018-12-01 13:34:27.40164,1064000,4,1,32000,12800,300,100,200,50,250,90,170,40,32.0,64000,2064,164,264,10,564,200,300,400,50,0,0,0,0,0,0,0,0,80,0,12064,0,100,500,300,50,100,0,1,0,0,1,0,0,0,1.0,250,200,50,80,0,0,0,0,0,0,4,6400,2,300,5840,0,0,20,0,0,0,0,0,0,0,0,0,1,0,TFTP
65,172.16.0.66-192.168.50.1-10065-20065-6,172.16.0.66,10065,192.168.50.1,20065,6,2018-12-01 13:34:27.40165,1065000,4,1,32500,13000,300,100,200,50,250,90,170,40,32.5,65000,2065,165,265,10,565,200,300,400,50,0,0,0,0,0,0,0,0,80,0,12065,0,100,500,300,50,100,0,1,0,0,1,0,0,0,1.0,250,200,50,80,0,0,0,0,0,0,4,6500,2,300,5840,0,0,20,0,0,0,0,0,0,0,0,0,1,1,BENIGN
66,172.16.0.67-192.168.50.1-10066-20066-6,172.16.0.67,10066,192.168.50.1,20066,6,2018-12-01 13:34:27.40166,1066000,4,1,33000,13200,300,100,200,50,250,90,170,40,33.0,66000,2066,166,266,10,566,200,300,400,50,0,0,0,0,0,0,0,0,80,0,12066,0,100,500,300,50,100,0,1,0,0,1,0,0,0,1.0,250,200,50,80,0,0,0,0,0,0,4,6600,2,300,5840,0,0,20,0,0,0,0,0,0,0,0,0,1,0,TFTP
67,172.16.0.68-192.168.50.1-10067-20067-6,172.16.0.68,10067,192.168.50.1,20067,6,2018-12-01 13:34:27.40167,1067000,4,1,33500,13400,300,100,200,50,250,90,170,40,33.5,67000,2067,167,267,10,567,200,300,400,50,0,0,0,0,0,0,0,0,80,0,12067,0,100,500,300,50,100,0,1,0,0,1,0,0,0,1.0,250,200,50,80,0,0,0,0,0,0,4,6700,2,300,5840,0,0,20,0,0,0,0,0,0,0,0,0,1,1,BENIGN
68,172.16.0.69-192.168.50.1-10068-20068-6,172.16.0.69,10068,192.168.50.1,20068,6,2018-12-01 13:34:27.40168,1068000,4,1,34000,13600,300,100,200,50,250,90,170,40,34.0,68000,2068,168,268,10,568,200,300,400,50,0,0,0,0,0,0,0,0,80,0,12068,0,100,500,300,50,100,0,1,0,0,1,0,0,0,1.0,250,200,50,80,0,0,0,0,0,0,4,6800,2,300,5840,0,0,20,0,0,0,0,0,0,0,0,0,1,0,TFTP
69,172.16.0.70-192.168.50.1-10069-20069-6,172.16.0.70,10069,192.168.50.1,20069,6,2018-12-01 13:34:27.40169,1069000,4,1,34500,13800,300,100,200,50,250,90,170,40,34.5,69000,2069,169,269,10,569,200,300,400,50,0,0,0,0,0,0,0,0,80,0,12069,0,100,500,300,50,100,0,1,0,0,1,0,0,0,1.0,250,200,50,80,0,0,0,0,0,0,4,6900,2,300,5840,0,0,20,0,0,0,0,0,0,0,0,0,1,1,BENIGN
70,172.16.0.71-192.168.50.1-10070-20070-6,172.16.0.71,10070,192.168.50.1,20070,6,2018-12-01 13:34:27.40170,1070000,4,1,35000,14000,300,100,200,50,250,90,170,40,35.0,70000,2070,170,270,10,570,200,300,400,50,0,0,0,0,0,0,0,0,80,0,12070,0,100,500,300,50,100,0,1,0,0,1,0,0,0,1.0,250,200,50,80,0,0,0,0,0,0,4,7000,2,300,5840,0,0,20,0,0,0,0,0,0,0,0,0,1,0,TFTP
71,172.16.0.72-192.168.50.1-10071-20071-6,172.16.0.72,10071,192.168.50.1,20071,6,2018-12-01 13:34:27.40171,1071000,4,1,35500,14200,300,100,200,50,250,90,170,40,35.5,71000,2071,171,271,10,571,200,300,400,50,0,0,0,0,0,0,0,0,80,0,12071,0,100,500,300,50,100,0,1,0,0,1,0,0,0,1.0,250,200,50,80,0,0,0,0,0,0,4,7100,2,300,5840,0,0,20,0,0,0,0,0,0,0,0,0,1,1,BENIGN
72,172.16.0.73-192.168.50.1-10072-20072-6,172.16.0.73,10072,192.168.50.1,20072,6,2018-12-01 13:34:27.40172,1072000,4,1,36000,14400,300,100,200,50,250,90,170,40,36.0,72000,2072,172,272,10,572,200,300,400,50,0,0,0,0,0,0,0,0,80,0,12072,0,100,500,300,50,100,0,1,0,0,1,0,0,0,1.0,250,200,50,80,0,0,0,0,0,0,4,7200,2,300,5840,0,0,20,0,0,0,0,0,0,0,0,0,1,0,TFTP
73,172.16.0.74-192.168.50.1-10073-20073-6,172.16.0.74,10073,192.168.50.1,20073,6,2018-12-01 13:34:27.40173,1073000,4,1,36500,14600,300,100,200,50,250,90,170,40,36.5,73000,2073,173,273,10,573,200,300,400,50,0,0,0,0,0,0,0,0,80,0,12073,0,100,500,300,50,100,0,1,0,0,1,0,0,0,1.0,250,200,50,80,0,0,0,0,0,0,4,7300,2,300,5840,0,0,20,0,0,0,0,0,0,0,0,0,1,1,BENIGN
74,172.16.0.75-192.168.50.1-10074-20074-6,172.16.0.75,10074,192.168.50.1,20074,6,2018-12-01 13:34:27.40174,1074000,4,1,37000,14800,300,100,200,50,250,90,170,40,37.0,74000,2074,174,274,10,574,200,300,400,50,0,0,0,0,0,0,0,0,80,0,12074,0,100,500,300,50,100,0,1,0,0,1,0,0,0,1.0,250,200,50,80,0,0,0,0,0,0,4,7400,2,300,5840,0,0,20,0,0,0,0,0,0,0,0,0,1,0,TFTP
75,172.16.0.76-192.168.50.1-10075-20075-6,172.16.0.76,10075,192.168.50.1,20075,6,2018-12-01 13:34:27.40175,1075000,4,1,37500,15000,300,100,200,50,250,90,170,40,37.5,75000,2075,175,275,10,575,200,300,400,50,0,0,0,0,0,0,0,0,80,0,12075,0,100,500,300,50,100,0,1,0,0,1,0,0,0,1.0,250,200,50,80,0,0,0,0,0,0,4,7500,2,300,5840,0,0,20,0,0,0,0,0,0,0,0,0,1,1,BENIGN
76,172.16.0.77-192.168.50.1-10076-20076-6,172.16.0.77,10076,192.168.50.1,20076,6,2018-12-01 13:34:27.40176,1076000,4,1,38000,15200,300,100,200,50,250,90,170,40,38.0,76000,2076,176,276,10,576,200,300,400,50,0,0,0,0,0,0,0,0,80,0,12076,0,100,500,300,50,100,0,1,0,0,1,0,0,0,1.0,250,200,50,80,0,0,0,0,0,0,4,7600,2,300,5840,0,0,20,0,0,0,0,0,0,0,0,0,1,0,TFTP
77,172.16.0.78-192.168.50.1-10077-20077-6,172.16.0.78,10077,192.168.50.1,20077,6,2018-12-01 13:34:27.40177,1077000,4,1,38500,15400,300,100,200,50,250,90,170,40,38.5,77000,2077,177,277,10,577,200,300,400,50,0,0,0,0,0,0,0,0,80,0,12077,0,100,500,300,50,100,0,1,0,0,1,0,0,0,1.0,250,200,50,80,0,0,0,0,0,0,4,7700,2,300,5840,0,0,20,0,0,0,0,0,0,0,0,0,1,1,BENIGN
78,172.16.0.79-192.168.50.1-10078-20078-6,172.16.0.79,10078,192.168.50.1,20078,6,2018-12-01 13:34:27.40178,1078000,4,1,39000,15600,300,100,200,50,250,90,170,40,39.0,78000,2078,178,278,10,578,200,300,400,50,0,0,0,0,0,0,0,0,80,0,12078,0,100,500,300,50,100,0,1,0,0,1,0,0,0,1.0,250,200,50,80,0,0,0,0,0,0,4,7800,2,300,5840,0,0,20,0,0,0,0,0,0,0,0,0,1,0,TFTP
79,172.16.0.80-192.168.50.1-10079-20079-6,172.16.0.80,10079,192.168.50.1,20079,6,2018-12-01 13:34:27.40179,1079000,4,1,39500,15800,300,100,200,50,250,90,170,40,39.5,79000,2079,179,279,10,579,200,300,400,50,0,0,0,0,0,0,0,0,80,0,12079,0,100,500,300,50,100,0,1,0,0,1,0,0,0,1.0,250,200,50,80,0,0,0,0,0,0,4,7900,2,300,5840,0,0,20,0,0,0,0,0,0,0,0,0,1,1,BENIGN
80,172.16.0.81-192.168.50.1-10080-20080-6,172.16.0.81,10080,192.168.50.1,20080,6,2018-12-01 13:34:27.40180,1080000,4,1,40000,16000,300,100,200,50,250,90,170,40,40.0,80000,2080,180,280,10,580,200,300,400,50,0,0,0,0,0,0,0,0,80,0,12080,0,100,500,300,50,100,0,1,0,0,1,0,0,0,1.0,250,200,50,80,0,0,0,0,0,0,4,8000,2,300,5840,0,0,20,0,0,0,0,0,0,0,0,0,1,0,TFTP
81,172.16.0.82-192.168.50.1-10081-20081-6,172.16.0.82,10081,192.168.50.1,20081,6,2018-12-01 13:34:27.40181,1081000,4,1,40500,16200,300,100,200,50,250,90,170,40,40.5,81000,2081,181,281,10,581,200,300,400,50,0,0,0,0,0,0,0,0,80,0,12081,0,100,500,300,50,100,0,1,0,0,1,0,0,0,1.0,250,200,50,80,0,0,0,0,0,0,4,8100,2,300,5840,0,0,20,0,0,0,0,0,0,0,0,0,1,1,BENIGN
82,172.16.0.83-192.168.50.1-10082-20082-6,172.16.0.83,10082,192.168.50.1,20082,6,2018-12-01 13:34:27.40182,1082000,4,1,41000,16400,300,100,200,50,250,90,170,40,41.0,82000,2082,182,282,10,582,200,300,400,50,0,0,0,0,0,0,0,0,80,0,12082,0,100,500,300,50,100,0,1,0,0,1,0,0,0,1.0,250,200,50,80,0,0,0,0,0,0,4,8200,2,300,5840,0,0,20,0,0,0,0,0,0,0,0,0,1,0,TFTP
83,172.16.0.84-192.168.50.1-10083-20083-6,172.16.0.84,10083,192.168.50.1,20083,6,2018-12-01 13:34:27.40183,1083000,4,1,41500,16600,300,100,200,50,250,90,170,40,41.5,83000,2083,183,283,10,583,200,300,400,50,0,0,0,0,0,0,0,0,80,0,12083,0,100,500,300,50,100,0,1,0,0,1,0,0,0,1.0,250,200,50,80,0,0,0,0,0,0,4,8300,2,300,5840,0,0,20,0,0,0,0,0,0,0,0,0,1,1,BENIGN
84,172.16.0.85-192.168.50.1-10084-20084-6,172.16.0.85,10084,192.168.50.1,20084,6,2018-12-01 13:34:27.40184,1084000,4,1,42000,16800,300,100,200,50,250,90,170,40,42.0,84000,2084,184,284,10,584,200,300,400,50,0,0,0,0,0,0,0,0,80,0,12084,0,100,500,300,50,100,0,1,0,0,1,0,0,0,1.0,250,200,50,80,0,0,0,0,0,0,4,8400,2,300,5840,0,0,20,0,0,0,0,0,0,0,0,0,1,0,TFTP
85,172.16.0.86-192.168.50.1-10085-20085-6,172.16.0.86,10085,192.168.50.1,20085,6,2018-12-01 13:34:27.40185,1085000,4,1,42500,17000,300,100,200,50,250,90,170,40,42.5,85000,2085,185,285,10,585,200,300,400,50,0,0,0,0,0,0,0,0,80,0,12085,0,100,500,300,50,100,0,1,0,0,1,0,0,0,1.0,250,200,50,80,0,0,0,0,0,0,4,8500,2,300,5840,0,0,20,0,0,0,0,0,0,0,0,0,1,1,BENIGN
86,172.16.0.87-192.168.50.1-10086-20086-6,172.16.0.87,10086,192.168.50.1,20086,6,2018-12-01 13:34:27.40186,1086000,4,1,43000,17200,300,100,200,50,250,90,170,40,43.0,86000,2086,186,286,10,586,200,300,400,50,0,0,0,0,0,0,0,0,80,0,12086,0,100,500,300,50,100,0,1,0,0,1,0,0,0,1.0,250,200,50,80,0,0,0,0,0,0,4,8600,2,300,5840,0,0,20,0,0,0,0,0,0,0,0,0,1,0,TFTP
87,172.16.0.88-192.168.50.1-10087-20087-6,172.16.0.88,10087,192.168.50.1,20087,6,2018-12-01 13:34:27.40187,1087000,4,1,43500,17400,300,100,200,50,250,90,170,40,43.5,87000,2087,187,287,10,587,200,300,400,50,0,0,0,0,0,0,0,0,80,0,12087,0,100,500,300,50,100,0,1,0,0,1,0,0,0,1.0,250,200,50,80,0,0,0,0,0,0,4,8700,2,300,5840,0,0,20,0,0,0,0,0,0,0,0,0,1,1,BENIGN
88,172.16.0.89-192.168.50.1-10088-20088-6,172.16.0.89,10088,192.168.50.1,20088,6,2018-12-01 13:34:27.40188,1088000,4,1,44000,17600,300,100,200,50,250,90,170,40,44.0,88000,2088,188,288,10,588,200,300,400,50,0,0,0,0,0,0,0,0,80,0,12088,0,100,500,300,50,100,0,1,0,0,1,0,0,0,1.0,250,200,50,80,0,0,0,0,0,0,4,8800,2,300,5840,0,0,20,0,0,0,0,0,0,0,0,0,1,0,TFTP
89,172.16.0.90-192.168.50.1-10089-20089-6,172.16.0.90,10089,192.168.50.1,20089,6,2018-12-01 13:34:27.40189,1089000,4,1,44500,17800,300,100,200,50,250,90,170,40,44.5,89000,2089,189,289,10,589,200,300,400,50,0,0,0,0,0,0,0,0,80,0,12089,0,100,500,300,50,100,0,1,0,0,1,0,0,0,1.0,250,200,50,80,0,0,0,0,0,0,4,8900,2,300,5840,0,0,20,0,0,0,0,0,0,0,0,0,1,1,BENIGN
90,172.16.0.91-192.168.50.1-10090-20090-6,172.16.0.91,10090,192.168.50.1,20090,6,2018-12-01 13:34:27.40190,1090000,4,1,45000,18000,300,100,200,50,250,90,170,40,45.0,90000,2090,190,290,10,590,200,300,400,50,0,0,0,0,0,0,0,0,80,0,12090,0,100,500,300,50,100,0,1,0,0,1,0,0,0,1.0,250,200,50,80,0,0,0,0,0,0,4,9000,2,300,5840,0,0,20,0,0,0,0,0,0,0,0,0,1,0,TFTP
91,172.16.0.92-192.168.50.1-10091-20091-6,172.16.0.92,10091,192.168.50.1,20091,6,2018-12-01 13:34:27.40191,1091000,4,1,45500,18200,300,100,200,50,250,90,170,40,45.5,91000,2091,191,291,10,591,200,300,400,50,0,0,0,0,0,0,0,0,80,0,12091,0,100,500,300,50,100,0,1,0,0,1,0,0,0,1.0,250,200,50,80,0,0,0,0,0,0,4,9100,2,300,5840,0,0,20,0,0,0,0,0,0,0,0,0,1,1,BENIGN
92,172.16.0.93-192.168.50.1-10092-20092-6,172.16.0.93,10092,192.168.50.1,20092,6,2018-12-01 13:34:27.40192,1092000,4,1,46000,18400,300,100,200,50,250,90,170,40,46.0,92000,2092,192,292,10,592,200,300,400,50,0,0,0,0,0,0,0,0,80,0,12092,0,100,500,300,50,100,0,1,0,0,1,0,0,0,1.0,250,200,50,80,0,0,0,0,0,0,4,9200,2,300,5840,0,0,20,0,0,0,0,0,0,0,0,0,1,0,TFTP
93,172.16.0.94-192.168.50.1-10093-20093-6,172.16.0.94,10093,192.168.50.1,20093,6,2018-12-01 13:34:27.40193,1093000,4,1,46500,18600,300,100,200,50,250,90,170,40,46.5,93000,2093,193,293,10,593,200,300,400,50,0,0,0,0,0,0,0,0,80,0,12093,0,100,500,300,50,100,0,1,0,0,1,0,0,0,1.0,250,200,50,80,0,0,0,0,0,0,4,9300,2,300,5840,0,0,20,0,0,0,0,0,0,0,0,0,1,1,BENIGN
94,172.16.0.95-192.168.50.1-10094-20094-6,172.16.0.95,10094,192.168.50.1,20094,6,2018-12-01 13:34:27.40194,1094000,4,1,47000,18800,300,100,200,50,250,90,170,40,47.0,94000,2094,194,294,10,594,200,300,400,50,0,0,0,0,0,0,0,0,80,0,12094,0,100,500,300,50,100,0,1,0,0,1,0,0,0,1.0,250,200,50,80,0,0,0,0,0,0,4,9400,2,300,5840,0,0,20,0,0,0,0,0,0,0,0,0,1,0,TFTP
95,172.16.0.96-192.168.50.1-10095-20095-6,172.16.0.96,10095,192.168.50.1,20095,6,2018-12-01 13:34:27.40195,1095000,4,1,47500,19000,300,100,200,50,250,90,170,40,47.5,95000,2095,195,295,10,595,200,300,400,50,0,0,0,0,0,0,0,0,80,0,12095,0,100,500,300,50,100,0,1,0,0,1,0,0,0,1.0,250,200,50,80,0,0,0,0,0,0,4,9500,2,300,5840,0,0,20,0,0,0,0,0,0,0,0,0,1,1,BENIGN
96,172.16.0.97-192.168.50.1-10096-20096-6,172.16.0.97,10096,192.168.50.1,20096,6,2018-12-01 13:34:27.40196,1096000,4,1,48000,19200,300,100,200,50,250,90,170,40,48.0,96000,2096,196,296,10,596,200,300,400,50,0,0,0,0,0,0,0,0,80,0,12096,0,100,500,300,50,100,0,1,0,0,1,0,0,0,1.0,250,200,50,80,0,0,0,0,0,0,4,9600,2,300,5840,0,0,20,0,0,0,0,0,0,0,0,0,1,0,TFTP
97,172.16.0.98-192.168.50.1-10097-20097-6,172.16.0.98,10097,192.168.50.1,20097,6,2018-12-01 13:34:27.40197,1097000,4,1,48500,19400,300,100,200,50,250,90,170,40,48.5,97000,2097,197,297,10,597,200,300,400,50,0,0,0,0,0,0,0,0,80,0,12097,0,100,500,300,50,100,0,1,0,0,1,0,0,0,1.0,250,200,50,80,0,0,0,0,0,0,4,9700,2,300,5840,0,0,20,0,0,0,0,0,0,0,0,0,1,1,BENIGN
98,172.16.0.99-192.168.50.1-10098-20098-6,172.16.0.99,10098,192.168.50.1,20098,6,2018-12-01 13:34:27.40198,1098000,4,1,49000,19600,300,100,200,50,250,90,170,40,49.0,98000,2098,198,298,10,598,200,300,400,50,0,0,0,0,0,0,0,0,80,0,12098,0,100,500,300,50,100,0,1,0,0,1,0,0,0,1.0,250,200,50,80,0,0,0,0,0,0,4,9800,2,300,5840,0,0,20,0,0,0,0,0,0,0,0,0,1,0,TFTP
99,172.16.0.100-192.168.50.1-10099-20099-6,172.16.0.100,10099,192.168.50.1,20099,6,2018-12-01 13:34:27.40199,1099000,4,1,49500,19800,300,100,200,50,250,90,170,40,49.5,99000,2099,199,299,10,599,200,300,400,50,0,0,0,0,0,0,0,0,80,0,12099,0,100,500,300,50,100,0,1,0,0,1,0,0,0,1.0,250,200,50,80,0,0,0,0,0,0,4,9900,2,300,5840,0,0,20,0,0,0,0,0,0,0,0,0,1,1,BENIGN
