Source Port,Destination Port,Protocol,Flow Duration,Total Fwd Packets,Total Backward Packets,Total Length of Fwd Packets,Total Length of Bwd Packets,Fwd Packet Length Max,Fwd Packet Length Min,Fwd Packet Length Mean,Fwd Packet Length Std,Bwd Packet Length Max,Bwd Packet Length Min,Bwd Packet Length Mean,Bwd Packet Length Std,Flow Bytes/s,Flow Packets/s,Flow IAT Mean,Flow IAT Std,Flow IAT Max,Flow IAT Min,Fwd IAT Total,Fwd IAT Mean,Fwd IAT Std,Fwd IAT Max,Fwd IAT Min,Bwd IAT Total,Bwd IAT Mean,Bwd IAT Std,Bwd IAT Max,Bwd IAT Min,Fwd PSH Flags,Bwd PSH Flags,Fwd URG Flags,Bwd URG Flags,Fwd Header Length,Bwd Header Length,Fwd Packets/s,Bwd Packets/s,Min Packet Length,Max Packet Length,Packet Length Mean,Packet Length Std,Packet Length Variance,FIN Flag Count,SYN Flag Count,RST Flag Count,PSH Flag Count,ACK Flag Count,URG Flag Count,CWE Flag Count,ECE Flag Count,Down/Up Ratio,Average Packet Size,Avg Fwd Segment Size,Avg Bwd Segment Size,Fwd Header Length.1,Fwd Avg Bytes/Bulk,Fwd Avg Packets/Bulk,Fwd Avg Bulk Rate,Bwd Avg Bytes/Bulk,Bwd Avg Packets/Bulk,Bwd Avg Bulk Rate,Subflow Fwd Packets,Subflow Fwd Bytes,Subflow Bwd Packets,Subflow Bwd Bytes,Init_Win_bytes_forward,Init_Win_bytes_backward,act_data_pkt_fwd,min_seg_size_forward,Active Mean,Active Std,Active Max,Active Min,Idle Mean,Idle Std,Idle Max,Idle Min,SimillarHTTP,Inbound
10003,20003,6,1003000,4,1,1500,600,300,100,200,50,250,90,170,40,1.5,3000,2003,103,203,10,503,200,300,400,50,0,0,0,0,0,0,0,0,80,0,12003,0,100,500,300,50,100,0,1,0,0,1,0,0,0,1.0,250,200,50,80,0,0,0,0,0,0,4,300,2,300,5840,0,0,20,0,0,0,0,0,0,0,0,0,1,1
10036,20036,6,1036000,4,1,18000,7200,300,100,200,50,250,90,170,40,18.0,36000,2036,136,236,10,536,200,300,400,50,0,0,0,0,0,0,0,0,80,0,12036,0,100,500,300,50,100,0,1,0,0,1,0,0,0,1.0,250,200,50,80,0,0,0,0,0,0,4,3600,2,300,5840,0,0,20,0,0,0,0,0,0,0,0,0,1,0
10007,20007,6,1007000,4,1,3500,1400,300,100,200,50,250,90,170,40,3.5,7000,2007,107,207,10,507,200,300,400,50,0,0,0,0,0,0,0,0,80,0,12007,0,100,500,300,50,100,0,1,0,0,1,0,0,0,1.0,250,200,50,80,0,0,0,0,0,0,4,700,2,300,5840,0,0,20,0,0,0,0,0,0,0,0,0,1,1
10042,20042,6,1042000,4,1,21000,8400,300,100,200,50,250,90,170,40,21.0,42000,2042,142,242,10,542,200,300,400,50,0,0,0,0,0,0,0,0,80,0,12042,0,100,500,300,50,100,0,1,0,0,1,0,0,0,1.0,250,200,50,80,0,0,0,0,0,0,4,4200,2,300,5840,0,0,20,0,0,0,0,0,0,0,0,0,1,0
10082,20082,6,1082000,4,1,41000,16400,300,100,200,50,250,90,170,40,41.0,82000,2082,182,282,10,582,200,300,400,50,0,0,0,0,0,0,0,0,80,0,12082,0,100,500,300,50,100,0,1,0,0,1,0,0,0,1.0,250,200,50,80,0,0,0,0,0,0,4,8200,2,300,5840,0,0,20,0,0,0,0,0,0,0,0,0,1,0
10095,20095,6,1095000,4,1,47500,19000,300,100,200,50,250,90,170,40,47.5,95000,2095,195,295,10,595,200,300,400,50,0,0,0,0,0,0,0,0,80,0,12095,0,100,500,300,50,100,0,1,0,0,1,0,0,0,1.0,250,200,50,80,0,0,0,0,0,0,4,9500,2,300,5840,0,0,20,0,0,0,0,0,0,0,0,0,1,1
10052,20052,6,1052000,4,1,26000,10400,300,100,200,50,250,90,170,40,26.0,52000,2052,152,252,10,552,200,300,400,50,0,0,0,0,0,0,0,0,80,0,12052,0,100,500,300,50,100,0,1,0,0,1,0,0,0,1.0,250,200,50,80,0,0,0,0,0,0,4,5200,2,300,5840,0,0,20,0,0,0,0,0,0,0,0,0,1,0
10047,20047,6,1047000,4,1,23500,9400,300,100,200,50,250,90,170,40,23.5,47000,2047,147,247,10,547,200,300,400,50,0,0,0,0,0,0,0,0,80,0,12047,0,100,500,300,50,100,0,1,0,0,1,0,0,0,1.0,250,200,50,80,0,0,0,0,0,0,4,4700,2,300,5840,0,0,20,0,0,0,0,0,0,0,0,0,1,1
10058,20058,6,1058000,4,1,29000,11600,300,100,200,50,250,90,170,40,29.0,58000,2058,158,258,10,558,200,300,400,50,0,0,0,0,0,0,0,0,80,0,12058,0,100,500,300,50,100,0,1,0,0,1,0,0,0,1.0,250,200,50,80,0,0,0,0,0,0,4,5800,2,300,5840,0,0,20,0,0,0,0,0,0,0,0,0,1,0
10062,20062,6,1062000,4,1,31000,12400,300,100,200,50,250,90,170,40,31.0,62000,2062,162,262,10,562,200,300,400,50,0,0,0,0,0,0,0,0,80,0,12062,0,100,500,300,50,100,0,1,0,0,1,0,0,0,1.0,250,200,50,80,0,0,0,0,0,0,4,6200,2,300,5840,0,0,20,0,0,0,0,0,0,0,0,0,1,0
10078,20078,6,1078000,4,1,39000,15600,300,100,200,50,250,90,170,40,39.0,78000,2078,178,278,10,578,200,300,400,50,0,0,0,0,0,0,0,0,80,0,12078,0,100,500,300,50,100,0,1,0,0,1,0,0,0,1.0,250,200,50,80,0,0,0,0,0,0,4,7800,2,300,5840,0,0,20,0,0,0,0,0,0,0,0,0,1,0
10066,20066,6,1066000,4,1,33000,13200,300,100,200,50,250,90,170,40,33.0,66000,2066,166,266,10,566,200,300,400,50,0,0,0,0,0,0,0,0,80,0,12066,0,100,500,300,50,100,0,1,0,0,1,0,0,0,1.0,250,200,50,80,0,0,0,0,0,0,4,6600,2,300,5840,0,0,20,0,0,0,0,0,0,0,0,0,1,0
10043,20043,6,1043000,4,1,21500,8600,300,100,200,50,250,90,170,40,21.5,43000,2043,143,243,10,543,200,300,400,50,0,0,0,0,0,0,0,0,80,0,12043,0,100,500,300,50,100,0,1,0,0,1,0,0,0,1.0,250,200,50,80,0,0,0,0,0,0,4,4300,2,300,5840,0,0,20,0,0,0,0,0,0,0,0,0,1,1
10033,20033,6,1033000,4,1,16500,6600,300,100,200,50,250,90,170,40,16.5,33000,2033,133,233,10,533,200,300,400,50,0,0,0,0,0,0,0,0,80,0,12033,0,100,500,300,50,100,0,1,0,0,1,0,0,0,1.0,250,200,50,80,0,0,0,0,0,0,4,3300,2,300,5840,0,0,20,0,0,0,0,0,0,0,0,0,1,1
10020,20020,6,1020000,4,1,10000,4000,300,100,200,50,250,90,170,40,10.0,20000,2020,120,220,10,520,200,300,400,50,0,0,0,0,0,0,0,0,80,0,12020,0,100,500,300,50,100,0,1,0,0,1,0,0,0,1.0,250,200,50,80,0,0,0,0,0,0,4,2000,2,300,5840,0,0,20,0,0,0,0,0,0,0,0,0,1,0
10005,20005,6,1005000,4,1,2500,1000,300,100,200,50,250,90,170,40,2.5,5000,2005,105,205,10,505,200,300,400,50,0,0,0,0,0,0,0,0,80,0,12005,0,100,500,300,50,100,0,1,0,0,1,0,0,0,1.0,250,200,50,80,0,0,0,0,0,0,4,500,2,300,5840,0,0,20,0,0,0,0,0,0,0,0,0,1,1
10070,20070,6,1070000,4,1,35000,14000,300,100,200,50,250,90,170,40,35.0,70000,2070,170,270,10,570,200,300,400,50,0,0,0,0,0,0,0,0,80,0,12070,0,100,500,300,50,100,0,1,0,0,1,0,0,0,1.0,250,200,50,80,0,0,0,0,0,0,4,7000,2,300,5840,0,0,20,0,0,0,0,0,0,0,0,0,1,0
10023,20023,6,1023000,4,1,11500,4600,300,100,200,50,250,90,170,40,11.5,23000,2023,123,223,10,523,200,300,400,50,0,0,0,0,0,0,0,0,80,0,12023,0,100,500,300,50,100,0,1,0,0,1,0,0,0,1.0,250,200,50,80,0,0,0,0,0,0,4,2300,2,300,5840,0,0,20,0,0,0,0,0,0,0,0,0,1,1
10001,20001,6,1001000,4,1,500,200,300,100,200,50,250,90,170,40,0.5,1000,2001,101,201,10,501,200,300,400,50,0,0,0,0,0,0,0,0,80,0,12001,0,100,500,300,50,100,0,1,0,0,1,0,0,0,1.0,250,200,50,80,0,0,0,0,0,0,4,100,2,300,5840,0,0,20,0,0,0,0,0,0,0,0,0,1,1
10019,20019,6,1019000,4,1,9500,3800,300,100,200,50,250,90,170,40,9.5,19000,2019,119,219,10,519,200,300,400,50,0,0,0,0,0,0,0,0,80,0,12019,0,100,500,300,50,100,0,1,0,0,1,0,0,0,1.0,250,200,50,80,0,0,0,0,0,0,4,1900,2,300,5840,0,0,20,0,0,0,0,0,0,0,0,0,1,1
